날짜,출근_서버시각,퇴근_서버시각,gps_출근_위도,gps_출근_경도,gps_퇴근_위도,gps_퇴근_경도
2026-09-07,2026-09-07T16:58:00+09:00,2026-09-07T22:31:00+09:00,38.0604,128.0340,38.0604,128.0340
2026-09-09,2026-09-09T16:58:00+09:00,2026-09-09T22:31:00+09:00,38.0604,128.0340,38.0604,128.0340
2026-09-11,2026-09-11T16:58:00+09:00,2026-09-11T22:31:00+09:00,38.0604,128.0340,38.0604,128.0340
2026-09-12,2026-09-12T16:58:00+09:00,2026-09-12T22:31:00+09:00,38.0604,128.0340,38.0604,128.0340
2026-09-14,2026-09-14T16:58:00+09:00,2026-09-14T22:31:00+09:00,38.0604,128.0340,38.0604,128.0340
2026-09-16,2026-09-16T16:58:00+09:00,2026-09-16T22:31:00+09:00,38.0604,128.0340,38.0604,128.0340
2026-09-18,2026-09-18T16:58:00+09:00,2026-09-18T22:31:00+09:00,38.0604,128.0340,38.0604,128.0340
2026-09-19,2026-09-19T16:58:00+09:00,2026-09-19T22:31:00+09:00,38.0604,128.0340,38.0604,128.0340
2026-09-21,2026-09-21T16:58:00+09:00,2026-09-21T22:31:00+09:00,38.0604,128.0340,38.0604,128.0340
2026-09-23,2026-09-23T16:58:00+09:00,2026-09-23T22:31:00+09:00,38.0604,128.0340,38.0604,128.0340
2026-09-25,2026-09-25T16:58:00+09:00,2026-09-25T22:31:00+09:00,38.0604,128.0340,38.0604,128.0340
2026-09-26,2026-09-26T16:58:00+09:00,2026-09-26T22:31:00+09:00,38.0604,128.0340,38.0604,128.0340
